loan_id,predicted_approval,default_probability,loan_amount,expected_loss_dollars,expected_loss_pct,risk_premium_basis_points,suggested_interest_rate,annual_interest_revenue,net_profit,risk_tier,approval_tier
0,1,0.7914465779308955,7874,4362.295248239509,0.5540126045516268,5540.126045516268,0.6040126045516269,4755.99524823951,393.7000000000007,Subprime,High-Risk
1,1,0.8155493105674027,11588,6615.409787598543,0.5708845173971818,5708.845173971818,0.6208845173971819,7194.809787598543,579.4000000000005,High-Risk,High-Risk
2,0,0.1963067234546373,82098,11281.472567525168,0.1374147064182461,1374.147064182461,0.1874147064182461,15386.372567525168,4104.9,Prime,Near-Prime
3,0,0.17880445715347643,24984,3127.0753902657184,0.1251631200074335,1251.6312000743349,0.1751631200074335,4376.275390265719,1249.2000000000003,Prime,Near-Prime
4,1,0.864157093938585,34516,20879.072378068937,0.6049099657570094,6049.099657570094,0.6549099657570094,22604.872378068936,1725.7999999999993,High-Risk,High-Risk
5,0,0.18806595812483115,15008,1975.7457296762261,0.1316461706873818,1316.461706873818,0.1816461706873818,2726.1457296762264,750.4000000000003,Prime,Near-Prime
6,1,0.6998559227247124,13960,6838.992076865889,0.48989914590729866,4898.991459072987,0.5398991459072987,7536.99207686589,698.0000000000009,Subprime,High-Risk
7,1,0.7334609617144157,18418,9456.218794999275,0.5134226732000909,5134.22673200091,0.563422673200091,10377.118794999276,920.9000000000015,Subprime,High-Risk
8,1,0.9025868448337604,16608,10493.113623299365,0.6318107913836323,6318.107913836323,0.6818107913836323,11323.513623299366,830.4000000000015,High-Risk,High-Risk
9,0,0.12871672525554967,14117,1271.965807302816,0.09010170767888476,901.0170767888476,0.14010170767888475,1977.815807302816,705.8499999999999,Prime,Prime
10,1,0.7971064750498589,162471,90654.68027547792,0.5579745325349011,5579.745325349011,0.6079745325349012,98778.23027547794,8123.5500000000175,Subprime,High-Risk
11,1,0.8368490338607785,13729,8042.370270112239,0.5857943237025449,5857.943237025449,0.635794323702545,8728.820270112239,686.4499999999998,High-Risk,High-Risk
12,1,0.5853322200784713,37800,15487.89054327635,0.40973255405492987,4097.325540549298,0.4597325540549298,17377.890543276346,1889.9999999999964,Near-Prime,High-Risk
13,1,0.5620328787634318,8838,3477.0726077578465,0.3934230151344022,3934.230151344022,0.4434230151344022,3918.9726077578466,441.9000000000001,Near-Prime,High-Risk
14,1,0.6193810035053519,89366,38746.12193148149,0.4335667024537463,4335.667024537463,0.4835667024537462,43214.42193148148,4468.299999999996,Near-Prime,High-Risk
15,0,0.3621380055613569,23698,6007.362519055125,0.2534966038929498,2534.966038929498,0.3034966038929498,7192.262519055124,1184.8999999999996,Near-Prime,Subprime
16,0,0.08922327665032995,96751,6042.70886743725,0.062456293655230956,624.5629365523096,0.11245629365523097,10880.258867437251,4837.550000000001,Prime,Prime
17,1,0.8265046664078957,17006,9838.876849852872,0.578553266485527,5785.53266485527,0.628553266485527,10689.176849852873,850.3000000000011,High-Risk,High-Risk
18,1,0.5904099936921854,17370,7178.795113303282,0.41328699558452975,4132.869955845297,0.46328699558452974,8047.295113303281,868.4999999999991,Near-Prime,High-Risk
19,0,0.275627396685434,114987,22185.4972238676,0.19293917767980379,1929.3917767980379,0.24293917767980377,27934.847223867597,5749.3499999999985,Prime,Near-Prime
20,1,0.7448857113610261,47492,24763.278542770495,0.5214199979527182,5214.199979527182,0.5714199979527183,27137.878542770493,2374.5999999999985,Subprime,High-Risk
21,1,0.7913299676615979,46646,25838.664370080023,0.5539309773631185,5539.309773631185,0.6039309773631185,28170.964370080026,2332.300000000003,Subprime,High-Risk
22,1,0.8382449753039569,13233,7764.747030738083,0.5867714827127698,5867.714827127698,0.6367714827127698,8426.397030738084,661.6500000000015,High-Risk,High-Risk
23,0,0.15921391126871542,198613,22135.366791169363,0.1114497378881008,1114.497378881008,0.1614497378881008,32066.016791169364,9930.650000000001,Prime,Near-Prime
24,1,0.7786644766304526,23801,12973.095245796982,0.5450651336413168,5450.651336413168,0.5950651336413169,14163.145245796983,1190.050000000001,Subprime,High-Risk
25,1,0.7121284791194383,11288,5626.9543906101535,0.4984899353836068,4984.899353836068,0.5484899353836068,6191.354390610153,564.3999999999996,Subprime,High-Risk
26,1,0.8054750009263411,172225,97106.05242417735,0.5638325006484387,5638.325006484387,0.6138325006484388,105717.30242417737,8611.250000000015,High-Risk,High-Risk
27,0,0.22085315411528555,23470,3628.3964689600266,0.1545972078806999,1545.972078806999,0.2045972078806999,4801.896468960027,1173.5000000000005,Prime,Near-Prime
28,0,0.33765251997674334,47753,11286.744550514597,0.23635676398372032,2363.5676398372034,0.28635676398372034,13674.394550514597,2387.6499999999996,Prime,Subprime
29,1,0.8234970243281979,77099,44443.55795507581,0.5764479170297385,5764.479170297385,0.6264479170297386,48298.50795507582,3854.9500000000044,High-Risk,High-Risk
30,1,0.6041749780057161,21253,8988.371565288839,0.4229224846040012,4229.224846040012,0.4729224846040012,10051.021565288838,1062.6499999999996,Near-Prime,High-Risk
31,0,0.33315385044827106,6385,1489.0311345785474,0.23320769531378974,2332.0769531378974,0.28320769531378975,1808.2811345785476,319.2500000000002,Prime,Subprime
32,1,0.7265862924095204,219260,111517.91733159802,0.5086104046866643,5086.104046866643,0.5586104046866643,122480.91733159803,10963.000000000015,Subprime,High-Risk
33,0,0.3220623506191123,163460,36851.01828254007,0.2254436454333786,2254.436454333786,0.2754436454333786,45024.01828254007,8173.0,Prime,Subprime
34,0,0.45522512002223947,25107,8000.535961878855,0.3186575840155676,3186.575840155676,0.3686575840155676,9255.885961878856,1255.3500000000004,Near-Prime,Subprime
35,1,0.8489430419670247,20489,12175.795790803659,0.5942601293769173,5942.601293769173,0.6442601293769173,13200.24579080366,1024.4500000000007,High-Risk,High-Risk
36,1,0.76295232124173,19349,10333.655124594363,0.534066624869211,5340.66624869211,0.584066624869211,11301.105124594364,967.4500000000007,Subprime,High-Risk
37,1,0.7593253425233062,8806,4680.633276382164,0.5315277397663143,5315.277397663142,0.5815277397663143,5120.933276382164,440.3000000000002,Subprime,High-Risk
38,1,0.8050245270299625,72343,40766.522551250004,0.5635171689209737,5635.1716892097365,0.6135171689209737,44383.672551250005,3617.1500000000015,High-Risk,High-Risk
39,1,0.534554681076969,13000,4864.4475978004175,0.3741882767538783,3741.882767538783,0.42418827675387827,5514.4475978004175,650.0,Near-Prime,High-Risk
40,1,0.7515153164561493,11268,5927.652210079523,0.5260607215193045,5260.607215193045,0.5760607215193045,6491.052210079523,563.4000000000005,Subprime,High-Risk
41,1,0.8268645928529977,11741,6795.752029280932,0.5788052149970984,5788.052149970984,0.6288052149970984,7382.802029280932,587.0500000000002,High-Risk,High-Risk
42,1,0.7048287677034559,28146,13886.677347047027,0.4933801373924191,4933.801373924191,0.5433801373924191,15293.977347047028,1407.300000000001,Subprime,High-Risk
43,0,0.18178613195893237,154241,19627.21234563438,0.12725029237125265,1272.5029237125266,0.17725029237125267,27339.262345634383,7712.050000000003,Prime,Near-Prime
44,0,0.40555884690191996,25028,7105.228774182877,0.28389119283134395,2838.9119283134396,0.33389119283134394,8356.628774182876,1251.3999999999996,Near-Prime,Subprime
45,0,0.27710057055561155,121556,23578.26586812054,0.19397039938892807,1939.7039938892808,0.24397039938892806,29656.06586812054,6077.799999999999,Prime,Near-Prime
46,0,0.2753778546428537,17462,3366.053668441458,0.19276449824999758,1927.6449824999759,0.24276449824999757,4239.153668441458,873.0999999999999,Prime,Near-Prime
47,0,0.37947196328580085,158346,42061.50724891739,0.2656303743000606,2656.303743000606,0.3156303743000606,49978.807248917394,7917.300000000003,Near-Prime,Subprime
48,0,0.16604837479778667,220089,25581.79453260905,0.11623386235845067,1162.3386235845066,0.16623386235845067,36586.244532609046,11004.449999999997,Prime,Near-Prime
49,0,0.22438936353488914,19563,3072.8103831831254,0.1570725544744224,1570.725544744224,0.2070725544744224,4050.9603831831255,978.1500000000001,Prime,Near-Prime
50,1,0.6711927668635377,31799,14940.281155445544,0.46983493680447636,4698.349368044764,0.5198349368044763,16530.231155445545,1589.9500000000007,Subprime,High-Risk
51,1,0.7904672136575059,29075,16087.98396596439,0.5533270495602541,5533.270495602542,0.6033270495602542,17541.73396596439,1453.7500000000018,Subprime,High-Risk
52,1,0.6131502523691237,37175,15955.702442275518,0.42920517665838653,4292.051766583865,0.4792051766583865,17814.45244227552,1858.7500000000018,Near-Prime,High-Risk
53,1,0.880760199915285,11845,7302.823197597585,0.6165321399406994,6165.321399406995,0.6665321399406995,7895.073197597585,592.25,High-Risk,High-Risk
54,1,0.6658520445253822,27457,12797.609710573392,0.4660964311677675,4660.964311677675,0.5160964311677675,14170.459710573392,1372.8500000000004,Near-Prime,High-Risk
55,1,0.8458334862261342,42937,25422.286678664062,0.5920834403582939,5920.834403582939,0.6420834403582939,27569.136678664065,2146.850000000002,High-Risk,High-Risk
56,1,0.7752055865403801,28755,15603.725648678039,0.542643910578266,5426.43910578266,0.592643910578266,17041.47564867804,1437.75,Subprime,High-Risk
57,1,0.812819365246493,23729,13501.173502553822,0.568973555672545,5689.735556725451,0.6189735556725451,14687.623502553823,1186.4500000000007,High-Risk,High-Risk
58,1,0.6217947519635426,40426,17595.67225001472,0.4352563263744798,4352.563263744798,0.4852563263744798,19616.97225001472,2021.300000000003,Near-Prime,High-Risk
59,1,0.569544731059141,22317,8897.370834132795,0.3986813117413987,3986.813117413987,0.4486813117413987,10013.220834132795,1115.8500000000004,Near-Prime,High-Risk
60,1,0.6725118937512184,28730,13524.886695230754,0.4707583256258529,4707.583256258529,0.5207583256258529,14961.386695230754,1436.5,Subprime,High-Risk
61,1,0.9121880199170493,31040,19820.021296757644,0.6385316139419345,6385.316139419345,0.6885316139419345,21372.021296757648,1552.0000000000036,High-Risk,High-Risk
62,1,0.9053994000255587,12140,7694.084101417197,0.633779580017891,6337.79580017891,0.6837795800178911,8301.084101417198,607.0000000000009,High-Risk,High-Risk
63,1,0.7894524668600473,18280,10101.833765941165,0.5526167268020331,5526.167268020331,0.6026167268020332,11015.833765941166,914.0000000000018,Subprime,High-Risk
64,0,0.16267971997539127,17773,2023.9146641858401,0.11387580398277387,1138.7580398277387,0.16387580398277388,2912.5646641858402,888.6500000000001,Prime,Near-Prime
65,0,0.27509561604441457,11547,2223.5703549253985,0.1925669312310902,1925.669312310902,0.2425669312310902,2800.9203549253984,577.3499999999999,Prime,Near-Prime
66,1,0.614907575288546,80988,34860.09429522813,0.43043530270198216,4304.353027019822,0.48043530270198215,38909.49429522813,4049.399999999994,Near-Prime,High-Risk
67,0,0.20291490659236858,23205,3296.0482852331384,0.14204043461465798,1420.4043461465799,0.19204043461465797,4456.298285233138,1160.2499999999995,Prime,Near-Prime
68,1,0.8771343959745208,40061,24597.21672599469,0.6139940771821645,6139.940771821644,0.6639940771821645,26600.266725994694,2003.050000000003,High-Risk,High-Risk
69,1,0.6629988499447635,315949,146631.67654883864,0.46409919496133445,4640.991949613344,0.5140991949613345,162429.12654883869,15797.45000000004,Near-Prime,High-Risk
70,1,0.7633106535069492,18539,9905.711343755731,0.5343174574548644,5343.174574548643,0.5843174574548644,10832.661343755732,926.9500000000007,Subprime,High-Risk
71,0,0.22589370923374288,33998,5375.954028570153,0.15812559646362,1581.2559646362001,0.20812559646362,7075.854028570153,1699.8999999999996,Prime,Near-Prime
72,1,0.6795603449188925,10562,5024.261454123339,0.4756922414432247,4756.922414432247,0.5256922414432247,5552.361454123339,528.1000000000004,Subprime,High-Risk
73,1,0.6849191603687058,12115,5808.456939506809,0.47944341225809406,4794.43412258094,0.529443412258094,6414.206939506808,605.7499999999991,Subprime,High-Risk
74,1,0.5191730395753896,119254,43339.42316306646,0.36342112770277274,3634.211277027727,0.41342112770277273,49302.12316306646,5962.700000000004,Near-Prime,High-Risk
75,1,0.8616869105830439,55788,33650.25255732479,0.6031808374081307,6031.808374081306,0.6531808374081307,36439.65255732479,2789.4000000000015,High-Risk,High-Risk
76,1,0.8785501786314698,100074,61544.021403456,0.6149851250420288,6149.851250420288,0.6649851250420289,66547.721403456,5003.700000000004,High-Risk,High-Risk
77,1,0.7677776191704417,60000,32246.660005158552,0.5374443334193092,5374.443334193092,0.5874443334193092,35246.660005158556,3000.0000000000036,Subprime,High-Risk
78,1,0.8055861764092825,16938,9551.513059214298,0.5639103234864977,5639.103234864977,0.6139103234864978,10398.4130592143,846.9000000000015,High-Risk,High-Risk
79,0,0.4791370738800763,86818,29118.405736084325,0.3353959517160534,3353.9595171605342,0.3853959517160534,33459.30573608432,4340.899999999998,Near-Prime,Subprime
80,1,0.5834575633185717,115853,47316.71635820254,0.40842029432300014,4084.2029432300014,0.45842029432300013,53109.36635820253,5792.649999999994,Near-Prime,High-Risk
81,1,0.8401094311342715,23397,13759.228252173985,0.58807660179399,5880.7660179399,0.6380766017939901,14929.078252173986,1169.8500000000004,High-Risk,High-Risk
82,1,0.7430318427613695,6527,3394.838186392421,0.5201222899329586,5201.222899329586,0.5701222899329587,3721.1881863924214,326.35000000000036,Subprime,High-Risk
83,1,0.8004518436910026,12967,7265.621339998861,0.5603162905837018,5603.162905837018,0.6103162905837018,7913.971339998862,648.3500000000013,High-Risk,High-Risk
84,1,0.8454281561687534,21485,12714.816754699968,0.5917997093181274,5917.997093181274,0.6417997093181275,13789.066754699968,1074.25,High-Risk,High-Risk
85,0,0.10961131571343091,14772,1133.424849003161,0.07672792099940164,767.2792099940164,0.12672792099940164,1872.024849003161,738.6000000000001,Prime,Prime
86,1,0.8012534132426122,173605,97371.11916418858,0.5608773892698286,5608.773892698286,0.6108773892698286,106051.3691641886,8680.250000000015,High-Risk,High-Risk
87,1,0.5751607172660921,33486,13481.88224486065,0.4026125020862644,4026.1250208626443,0.4526125020862644,15156.18224486065,1674.300000000001,Near-Prime,High-Risk
88,1,0.763669155210337,16152,8634.348936470155,0.5345684086472359,5345.684086472359,0.5845684086472359,9441.948936470155,807.6000000000004,Subprime,High-Risk
89,1,0.6448598665793864,27123,12243.373912862888,0.45140190660557045,4514.019066055705,0.5014019066055705,13599.52391286289,1356.1500000000015,Near-Prime,High-Risk
90,0,0.264106915398184,19856,3670.8748385024387,0.1848748407787288,1848.748407787288,0.23487484077872878,4663.674838502438,992.7999999999997,Prime,Near-Prime
91,1,0.7649389235454433,19538,10461.76368176161,0.5354572464818103,5354.572464818102,0.5854572464818103,11438.663681761609,976.8999999999996,Subprime,High-Risk
92,0,0.07931166148654363,214398,11902.983119574385,0.055518163040580534,555.1816304058053,0.10551816304058054,22622.883119574384,10719.9,Prime,Prime
93,1,0.8715840935453351,104272,63617.27162151142,0.6101088654817345,6101.088654817345,0.6601088654817345,68830.87162151143,5213.600000000006,High-Risk,High-Risk
94,1,0.8398949697433159,112869,66358.67373797082,0.5879264788203211,5879.2647882032115,0.6379264788203212,72002.12373797083,5643.450000000012,High-Risk,High-Risk
95,1,0.5909793875241401,16484,6819.192956763548,0.4136855712668981,4136.855712668981,0.4636855712668981,7643.392956763548,824.1999999999998,Near-Prime,High-Risk
96,0,0.20617292481675867,12821,1850.340148352964,0.14432104737173107,1443.2104737173106,0.19432104737173106,2491.390148352964,641.05,Prime,Near-Prime
97,1,0.8171586575915856,17565,10047.37427441734,0.5720110603141099,5720.110603141099,0.6220110603141099,10925.624274417341,878.2500000000018,High-Risk,High-Risk
98,0,0.3442363436992539,23401,5638.832275234367,0.2409654405894777,2409.654405894777,0.2909654405894777,6808.882275234368,1170.0500000000002,Prime,Subprime
99,1,0.838443821898137,7219,4236.908165197856,0.5869106753286959,5869.106753286959,0.6369106753286959,4597.858165197856,360.9499999999998,High-Risk,High-Risk
100,1,0.8316293179566746,8826,5137.9722521999265,0.5821405225696722,5821.405225696722,0.6321405225696722,5579.272252199928,441.3000000000011,High-Risk,High-Risk
101,1,0.6917426524278071,31311,15161.407933116947,0.48421985669946493,4842.198566994649,0.5342198566994649,16726.957933116948,1565.550000000001,Subprime,High-Risk
102,1,0.8732873798764031,7952,4861.06687134401,0.6113011659134822,6113.0116591348215,0.6613011659134822,5258.66687134401,397.60000000000036,High-Risk,High-Risk
103,1,0.5773674326794997,16657,6732.046528299699,0.4041572028756498,4041.572028756498,0.4541572028756498,7564.896528299699,832.8499999999995,Near-Prime,High-Risk
104,0,0.12364596556522227,7539,652.5168540773475,0.08655217589565559,865.5217589565559,0.1365521758956556,1029.4668540773475,376.95000000000005,Prime,Prime
105,0,0.24970406687395855,11171,1952.6108917342938,0.17479284681177099,1747.9284681177098,0.22479284681177097,2511.1608917342937,558.55,Prime,Near-Prime
106,1,0.7804068675164658,10566,5772.045273525285,0.5462848072615261,5462.84807261526,0.5962848072615261,6300.345273525285,528.3000000000002,Subprime,High-Risk
107,1,0.8649561837995036,14235,8618.855893470152,0.6054693286596524,6054.693286596525,0.6554693286596525,9330.605893470152,711.75,High-Risk,High-Risk
108,0,0.26600614566844777,15277,2844.6431211638137,0.18620430196791343,1862.0430196791344,0.23620430196791342,3608.493121163813,763.8499999999995,Prime,Near-Prime
109,1,0.8188980157255776,5434,3114.924272216952,0.5732286110079043,5732.286110079043,0.6232286110079044,3386.6242722169522,271.7000000000003,High-Risk,High-Risk
110,1,0.8270964666242797,7893,4569.790687745808,0.5789675266369958,5789.675266369958,0.6289675266369958,4964.440687745809,394.65000000000055,High-Risk,High-Risk
111,0,0.1882763614997738,9999,1317.8027370453667,0.13179345304984166,1317.9345304984167,0.18179345304984168,1817.752737045367,499.9500000000003,Prime,Near-Prime
112,1,0.7420406685181687,15193,7891.676713757576,0.5194284679627181,5194.2846796271815,0.5694284679627182,8651.326713757577,759.6500000000005,Subprime,High-Risk
113,0,0.24628985430233521,138689,23910.385522335597,0.17240289801163464,1724.0289801163465,0.22240289801163465,30844.835522335597,6934.450000000001,Prime,Near-Prime
114,1,0.5850901313254412,18546,7595.7571028931425,0.4095630919278088,4095.630919278088,0.4595630919278088,8523.057102893143,927.3000000000002,Near-Prime,High-Risk
115,1,0.6669344608159107,11903,5556.964620964249,0.46685412257113745,4668.541225711375,0.5168541225711375,6152.114620964249,595.1500000000005,Near-Prime,High-Risk
116,1,0.8174643633879373,222145,127116.9347033693,0.572225054371556,5722.2505437155605,0.6222250543715561,138224.18470336933,11107.25000000003,High-Risk,High-Risk
117,0,0.3287370854570844,26042,5992.679825631374,0.23011595981995908,2301.1595981995906,0.28011595981995907,7294.7798256313745,1302.1000000000004,Prime,Subprime
118,1,0.512340150616668,9035,3240.295282575117,0.35863810543166763,3586.3810543166765,0.4086381054316676,3692.0452825751167,451.74999999999955,Near-Prime,High-Risk
119,1,0.7230830074623344,39271,19877.334950237335,0.5061581052236341,5061.581052236342,0.5561581052236342,21840.884950237338,1963.550000000003,Subprime,High-Risk
120,1,0.7983410271539447,3877,2166.6177135930907,0.5588387190077613,5588.387190077613,0.6088387190077613,2360.4677135930906,193.8499999999999,Subprime,High-Risk
121,0,0.45483488213217727,14288,4549.076557133184,0.31838441749252405,3183.8441749252406,0.36838441749252404,5263.476557133184,714.3999999999996,Near-Prime,Subprime
122,1,0.802175938038428,19373,10878.388113332925,0.5615231566268996,5615.231566268995,0.6115231566268996,11847.038113332927,968.6500000000015,High-Risk,High-Risk
123,0,0.36558283561629834,18841,4821.562344092674,0.2559079849314088,2559.0798493140883,0.3059079849314088,5763.612344092673,942.0499999999993,Near-Prime,Subprime
124,1,0.791502599636583,29039,16089.110793592712,0.554051819745608,5540.51819745608,0.6040518197456081,17541.06079359271,1451.949999999999,Subprime,High-Risk
125,0,0.361767869170733,124507,31529.842460788317,0.2532375084195131,2532.375084195131,0.3032375084195131,37755.19246078831,6225.349999999995,Near-Prime,Subprime
126,0,0.188150230914878,190447,25082.85291893204,0.1317051616404146,1317.051616404146,0.18170516164041461,34605.202918932046,9522.350000000006,Prime,Near-Prime
127,1,0.6818881582191259,16991,8110.173187410817,0.4773217107533881,4773.217107533881,0.5273217107533881,8959.723187410817,849.5499999999993,Subprime,High-Risk
128,1,0.8568841440835735,7444,4465.051897990685,0.5998189008585014,5998.189008585015,0.6498189008585015,4837.2518979906845,372.1999999999998,High-Risk,High-Risk
129,0,0.14852573069676234,10095,1049.557075968671,0.10396801148773363,1039.6801148773363,0.15396801148773365,1554.3070759686711,504.7500000000002,Prime,Prime
130,1,0.7338956425692583,12611,6478.610563908641,0.5137269497984808,5137.2694979848075,0.5637269497984808,7109.160563908642,630.5500000000011,Subprime,High-Risk
131,1,0.8614152382193855,12036,7257.595665045967,0.6029906667535698,6029.906667535698,0.6529906667535699,7859.395665045967,601.8000000000002,High-Risk,High-Risk
132,1,0.7522919611930097,44741,23560.806245015512,0.5266043728351067,5266.043728351067,0.5766043728351068,25797.85624501551,2237.0499999999993,Subprime,High-Risk
133,0,0.21653054424337934,171784,26037.53810861327,0.15157138097036552,1515.7138097036552,0.20157138097036553,34626.738108613274,8589.200000000004,Prime,Near-Prime
134,1,0.6868018447465803,14894,7160.458672958896,0.4807612913226062,4807.612913226062,0.5307612913226062,7905.158672958896,744.6999999999998,Subprime,High-Risk
135,1,0.7192741787781451,11119,5598.3267156839365,0.5034919251447015,5034.919251447015,0.5534919251447016,6154.276715683937,555.9500000000007,Subprime,High-Risk
136,1,0.7505238464586669,15123,7945.120490996093,0.5253666925210668,5253.6669252106685,0.5753666925210669,8701.270490996094,756.1500000000005,Subprime,High-Risk
137,1,0.578905522968,22453,9098.715995040353,0.4052338660776,4052.338660776,0.45523386607759997,10221.365995040353,1122.6499999999996,Near-Prime,High-Risk
138,0,0.0704096803857335,33759,1663.872280099384,0.049286776270013447,492.86776270013445,0.09928677627001345,3351.822280099384,1687.95,Prime,Prime
139,1,0.848452846962146,20006,11881.903359427282,0.5939169928735021,5939.169928735021,0.6439169928735021,12882.203359427283,1000.3000000000011,High-Risk,High-Risk
140,0,0.30680775303509233,11980,2572.889816952284,0.21476542712456462,2147.654271245646,0.26476542712456463,3171.8898169522845,599.0000000000005,Prime,Subprime
141,1,0.8163694637933049,23665,13523.568352467992,0.5714586246553134,5714.586246553134,0.6214586246553134,14706.818352467992,1183.25,High-Risk,High-Risk
142,0,0.36200246639453537,28830,7305.571774308119,0.25340172647617476,2534.017264761748,0.30340172647617475,8747.071774308119,1441.5,Near-Prime,Subprime
143,0,0.36739522140743136,224721,57792.995084929564,0.2571766549852019,2571.766549852019,0.3071766549852019,69029.04508492956,11236.049999999996,Near-Prime,Subprime
144,0,0.11447994915084027,104261,8355.055784891028,0.08013596440558818,801.3596440558817,0.13013596440558817,13568.105784891028,5213.049999999999,Prime,Prime
145,1,0.831746401491391,32594,18976.95954714728,0.5822224810439737,5822.224810439737,0.6322224810439737,20606.65954714728,1629.7000000000007,High-Risk,High-Risk
146,1,0.8595875392588258,14052,8455.246871165513,0.601711277481178,6017.112774811781,0.6517112774811781,9157.846871165515,702.6000000000022,High-Risk,High-Risk
147,1,0.8847611513380548,12552,7773.865380116684,0.6193328059366383,6193.328059366383,0.6693328059366384,8401.465380116684,627.6000000000004,High-Risk,High-Risk
148,1,0.8117197921500052,21458,12192.518309968369,0.5682038545050037,5682.038545050036,0.6182038545050037,13265.418309968369,1072.8999999999996,High-Risk,High-Risk
149,1,0.8455297391857175,5949,3521.0394928910832,0.5918708174300022,5918.708174300023,0.6418708174300023,3818.4894928910835,297.4500000000003,High-Risk,High-Risk
150,0,0.07714217137461844,12630,682.0139371230016,0.05399951996223291,539.9951996223291,0.10399951996223292,1313.5139371230018,631.5000000000002,Prime,Prime
151,0,0.37376003061531987,144357,37768.41371767501,0.2616320214307239,2616.320214307239,0.3116320214307239,44986.26371767501,7217.8499999999985,Near-Prime,Subprime
152,0,0.4990362254776586,16319,5700.640514498937,0.34932535783436097,3493.2535783436097,0.39932535783436096,6516.5905144989365,815.9499999999998,Near-Prime,Subprime
153,0,0.35121489224848645,9445,2322.057260100868,0.2458504245739405,2458.5042457394047,0.29585042457394045,2794.3072601008676,472.24999999999955,Near-Prime,Subprime
154,1,0.8552769783402734,20978,12559.400316135578,0.5986938848381913,5986.938848381913,0.6486938848381913,13608.300316135577,1048.8999999999996,High-Risk,High-Risk
155,1,0.7880295781712934,163292,90075.24811512278,0.5516207047199053,5516.207047199053,0.6016207047199054,98239.84811512279,8164.600000000006,Subprime,High-Risk
156,0,0.1175146793143369,15597,1283.013517285999,0.08226027552003583,822.6027552003583,0.13226027552003583,2062.863517285999,779.8500000000001,Prime,Prime
157,1,0.8948602769239363,13305,8334.281189131081,0.6264021938467554,6264.021938467555,0.6764021938467555,8999.531189131081,665.25,High-Risk,High-Risk
158,1,0.8841648207544538,8821,5459.4525187125255,0.6189153745281176,6189.153745281176,0.6689153745281177,5900.502518712526,441.0500000000002,High-Risk,High-Risk
159,0,0.431687166524747,31283,9453.128741275561,0.3021810165673229,3021.8101656732288,0.35218101656732287,11017.27874127556,1564.1499999999996,Near-Prime,Subprime
160,1,0.5309022726266565,33308,12378.30502765407,0.3716315908386595,3716.315908386595,0.4216315908386595,14043.70502765407,1665.3999999999996,Near-Prime,High-Risk
161,0,0.2983273485043203,17244,3601.0497583259494,0.2088291439530242,2088.2914395302423,0.25882914395302425,4463.24975832595,862.2000000000007,Prime,Near-Prime
162,1,0.7676477624585185,15949,8570.249914415637,0.5373534337209629,5373.534337209629,0.5873534337209629,9367.699914415638,797.4500000000007,Subprime,High-Risk
163,0,0.2585142092085637,21134,3824.4075081896494,0.18095994644599459,1809.599464459946,0.2309599464459946,4881.10750818965,1056.7000000000003,Prime,Near-Prime
164,1,0.7555462379918113,141711,74948.4490524403,0.5288823665942679,5288.823665942679,0.578882366594268,82033.99905244031,7085.5500000000175,Subprime,High-Risk
165,0,0.4110379933891016,6174,1776.4239998290193,0.2877265953723711,2877.265953723711,0.3377265953723711,2085.1239998290193,308.70000000000005,Near-Prime,Subprime
166,1,0.6301887292738442,16859,7437.046250779416,0.4411321104916909,4411.321104916909,0.49113211049169087,8279.996250779417,842.9500000000007,Near-Prime,High-Risk
167,0,0.37250666027232504,9021,2352.267807621651,0.26075466219062754,2607.5466219062755,0.31075466219062753,2803.317807621651,451.0499999999997,Near-Prime,Subprime
168,1,0.5033046132198417,8307,2926.665995412057,0.35231322925388914,3523.1322925388913,0.4023132292538891,3342.015995412057,415.3499999999999,Near-Prime,High-Risk
169,1,0.6632051701882734,183215,85056.39467923115,0.46424361913179135,4642.436191317914,0.5142436191317914,94217.14467923116,9160.750000000015,Near-Prime,High-Risk
170,1,0.7799918051807659,208388,113778.65260860662,0.5459942636265361,5459.942636265361,0.5959942636265362,124198.05260860662,10419.400000000009,Subprime,High-Risk
171,0,0.19193506384682862,12407,1666.9368360033218,0.13435454469278002,1343.5454469278002,0.18435454469278,2287.2868360033217,620.3499999999999,Prime,Near-Prime
172,1,0.5931502856592863,4908,2037.827121411044,0.4152051999615004,4152.051999615004,0.4652051999615004,2283.2271214110438,245.39999999999986,Near-Prime,High-Risk
173,1,0.8233517788124964,26748,15416.109365773656,0.5763462451687474,5763.462451687475,0.6263462451687475,16753.509365773658,1337.4000000000015,High-Risk,High-Risk
174,1,0.614141974535646,319588,137390.6837505286,0.42989938217495216,4298.993821749522,0.4798993821749522,153370.08375052863,15979.400000000023,Near-Prime,High-Risk
175,0,0.46471952820690166,16654,5417.607315930418,0.32530366974483116,3253.0366974483118,0.37530366974483115,6250.307315930418,832.6999999999998,Near-Prime,Subprime
176,1,0.8723019110803244,128615,78533.77720551714,0.610611337756227,6106.11337756227,0.660611337756227,84964.52720551714,6430.75,High-Risk,High-Risk
177,1,0.7248750220202266,24735,12550.848568769212,0.5074125154141585,5074.125154141586,0.5574125154141586,13787.598568769214,1236.7500000000018,Subprime,High-Risk
178,1,0.6774546175624255,147079,69747.54338752478,0.47421823229369786,4742.182322936978,0.5242182322936979,77101.4933875248,7353.950000000012,Subprime,High-Risk
179,1,0.580786349489957,22495,9145.352252243607,0.40655044464296985,4065.5044464296984,0.45655044464296984,10270.102252243607,1124.75,Near-Prime,High-Risk
180,0,0.2293118583802162,15998,2567.9717772566887,0.16051830086615132,1605.1830086615132,0.2105183008661513,3367.871777256689,799.9000000000001,Prime,Near-Prime
181,1,0.8418263594669513,16251,9576.364117388197,0.5892784516268659,5892.784516268659,0.6392784516268659,10388.914117388198,812.5500000000011,High-Risk,High-Risk
182,0,0.2214781030516325,135378,20988.283844446734,0.15503467213614275,1550.3467213614274,0.20503467213614274,27757.183844446732,6768.899999999998,Prime,Near-Prime
183,0,0.13983235186504878,28955,2834.1920237767413,0.09788264630553414,978.8264630553414,0.14788264630553416,4281.942023776742,1447.7500000000005,Prime,Prime
184,0,0.39117525762970623,18071,4948.249656438495,0.2738226803407943,2738.2268034079434,0.3238226803407943,5851.799656438494,903.5499999999993,Near-Prime,Subprime
185,1,0.5108544470016411,160504,57395.927513085975,0.35759811290114873,3575.981129011487,0.4075981129011487,65421.12751308597,8025.199999999997,Near-Prime,High-Risk
186,0,0.37444560950085576,20143,5279.720538523016,0.262111926650599,2621.1192665059903,0.312111926650599,6286.870538523016,1007.1499999999996,Near-Prime,Subprime
187,0,0.26195227784377134,25130,4608.002519549782,0.18336659449063994,1833.6659449063993,0.23336659449063996,5864.502519549782,1256.5,Prime,Near-Prime
188,1,0.7838582296477576,13664,7497.447194934872,0.5487007607534303,5487.007607534303,0.5987007607534304,8180.6471949348725,683.2000000000007,Subprime,High-Risk
189,1,0.5568033203811318,103696,40416.79397716929,0.38976232426679225,3897.6232426679226,0.43976232426679224,45601.59397716929,5184.799999999996,Near-Prime,High-Risk
190,1,0.6205861394859599,12472,5417.965232168223,0.43441029764017186,4344.1029764017185,0.48441029764017185,6041.565232168224,623.6000000000004,Near-Prime,High-Risk
191,0,0.46387244215653806,19147,6217.235954979864,0.32471070950957664,3247.1070950957665,0.37471070950957663,7174.585954979864,957.3500000000004,Near-Prime,Subprime
192,1,0.7897090763146484,10328,5709.280738124381,0.5527963534202538,5527.963534202538,0.6027963534202538,6225.680738124382,516.4000000000005,Subprime,High-Risk
193,0,0.293051590619563,130901,26852.52238458399,0.2051361134336941,2051.3611343369407,0.2551361134336941,33397.57238458399,6545.049999999999,Prime,Near-Prime
194,1,0.8148254585533903,24699,14087.761800567128,0.5703778209873731,5703.778209873731,0.6203778209873732,15322.71180056713,1234.9500000000007,High-Risk,High-Risk
195,0,0.05954419492623213,52594,2192.167171565177,0.04168093644836249,416.8093644836249,0.09168093644836249,4821.867171565177,2629.7000000000003,Prime,Prime
196,0,0.09116804487856944,222001,14167.577991761105,0.0638176314149986,638.1763141499861,0.11381763141499861,25267.627991761106,11100.050000000001,Prime,Prime
197,1,0.6415320486694434,27779,12474.783145991925,0.4490724340686103,4490.7243406861035,0.49907243406861035,13863.733145991926,1388.9500000000007,Near-Prime,High-Risk
198,1,0.7332396777374935,6215,3189.959217996966,0.5132677744162455,5132.6777441624545,0.5632677744162455,3500.709217996966,310.75,Subprime,High-Risk
199,1,0.6825890253928044,226861,108396.9802227459,0.4778123177749631,4778.1231777496305,0.5278123177749631,119740.0302227459,11343.050000000003,Subprime,High-Risk
200,0,0.28840296199192056,27761,5604.448239500394,0.20188207339434439,2018.8207339434439,0.2518820733943444,6992.498239500394,1388.0500000000002,Prime,Near-Prime
201,1,0.8116878762177434,7438,4226.1340963153025,0.5681815133524204,5681.815133524204,0.6181815133524204,4598.034096315303,371.90000000000055,High-Risk,High-Risk
202,0,0.0979148305427909,130813,8965.972909455873,0.06854038137995362,685.4038137995362,0.11854038137995362,15506.622909455873,6540.65,Prime,Prime
203,0,0.227054868422541,236484,37586.390452825326,0.15893840789577868,1589.3840789577869,0.20893840789577867,49410.59045282532,11824.199999999997,Prime,Near-Prime
204,1,0.6490766493512022,11132,5057.8648824043075,0.45435365454584153,4543.536545458415,0.5043536545458416,5614.464882404309,556.6000000000013,Near-Prime,High-Risk
205,1,0.7416302447395825,10246,5319.120441321234,0.5191411713177078,5191.411713177077,0.5691411713177078,5831.420441321234,512.3000000000002,Subprime,High-Risk
206,1,0.8218589966549448,230695,132719.13286331872,0.5753012976584613,5753.012976584613,0.6253012976584613,144253.88286331872,11534.75,High-Risk,High-Risk
207,0,0.05800186348104011,11987,486.6878362830594,0.040601304436728075,406.01304436728077,0.09060130443672808,1086.0378362830595,599.3500000000001,Prime,Prime
208,1,0.8744168670420371,7341,4493.365954668916,0.612091806929426,6120.91806929426,0.662091806929426,4860.415954668916,367.0500000000002,High-Risk,High-Risk
209,0,0.18286681610679145,31442,4024.7889024208157,0.12800677127475402,1280.06771274754,0.178006771274754,5596.888902420816,1572.1,Prime,Near-Prime
210,1,0.7035698020413335,27269,13429.951452305584,0.4924988614289334,4924.988614289334,0.5424988614289334,14793.401452305587,1363.4500000000025,Subprime,High-Risk
211,0,0.11718194030496512,10885,892.8677941536816,0.08202735821347558,820.2735821347558,0.13202735821347558,1437.1177941536816,544.25,Prime,Prime
212,1,0.8838341325910094,145584,90070.47585139064,0.6186838928137065,6186.838928137065,0.6686838928137065,97349.67585139065,7279.200000000012,High-Risk,High-Risk
213,1,0.660265321752976,23244,10743.044997178322,0.4621857252270832,4621.857252270832,0.5121857252270832,11905.24499717832,1162.199999999999,Near-Prime,High-Risk
214,1,0.8822752627129404,31545,19481.961213595794,0.6175926838990583,6175.926838990583,0.6675926838990583,21059.211213595794,1577.25,High-Risk,High-Risk
215,1,0.7162012822361199,92950,46599.636428693135,0.5013408975652839,5013.408975652839,0.5513408975652839,51247.13642869314,4647.500000000007,Subprime,High-Risk
216,0,0.17705815862073396,162784,20175.56470504229,0.12394071103451376,1239.4071103451377,0.17394071103451375,28314.764705042286,8139.199999999997,Prime,Near-Prime
217,1,0.5248241942807579,138268,50796.47418636828,0.3673769359965305,3673.769359965305,0.4173769359965305,57709.87418636827,6913.399999999994,Near-Prime,High-Risk
218,0,0.2761401028293694,14205,2745.7991124838345,0.19329807198055857,1932.9807198055857,0.24329807198055858,3456.0491124838345,710.25,Prime,Near-Prime
219,0,0.249805186354667,126196,22067.090708049487,0.1748636304482669,1748.636304482669,0.2248636304482669,28376.89070804949,6309.800000000003,Prime,Near-Prime
220,0,0.24115024651131464,8551,1443.4530305427759,0.16880517255792024,1688.0517255792024,0.21880517255792026,1871.003030542776,427.5500000000002,Prime,Near-Prime
221,1,0.840977533998386,9847,5796.774044097475,0.5886842737988702,5886.8427379887025,0.6386842737988703,6289.124044097475,492.35000000000036,High-Risk,High-Risk
222,1,0.7945171030176189,139689,77689.70972239971,0.5561619721123332,5561.619721123332,0.6061619721123332,84674.15972239972,6984.450000000012,Subprime,High-Risk
223,1,0.8421252183429622,18606,10968.007268742405,0.5894876528400734,5894.876528400734,0.6394876528400735,11898.307268742406,930.3000000000011,High-Risk,High-Risk
224,0,0.14005740268335184,241757,23701.900250363364,0.09804018187834629,980.4018187834629,0.14804018187834628,35789.75025036336,12087.849999999995,Prime,Prime
225,1,0.7375410272670302,460577,237786.10360089687,0.5162787190869211,5162.787190869211,0.5662787190869212,260814.9536008969,23028.850000000035,Subprime,High-Risk
226,1,0.5974296057416844,17492,7315.16706454348,0.418200724019179,4182.0072401917905,0.46820072401917906,8189.76706454348,874.6000000000004,Near-Prime,High-Risk
227,1,0.5011933439230932,18184,6379.589836128269,0.35083534074616524,3508.3534074616523,0.4008353407461652,7288.789836128269,909.1999999999998,Near-Prime,High-Risk
228,1,0.8230952878515727,41730,24043.43645343229,0.5761667014961008,5761.667014961008,0.6261667014961009,26129.93645343229,2086.5,High-Risk,High-Risk
229,0,0.2109661882235413,13782,2035.275204267792,0.1476763317564789,1476.763317564789,0.19767633175647892,2724.3752042677925,689.1000000000004,Prime,Near-Prime
230,0,0.10287007763884543,18473,1330.223260955674,0.07200905434719179,720.090543471918,0.1220090543471918,2253.873260955674,923.6500000000001,Prime,Prime
231,0,0.07929605979614521,179442,9960.33049335792,0.05550724185730164,555.0724185730164,0.10550724185730165,18932.430493357922,8972.100000000002,Prime,Prime
232,0,0.49832074381958336,186805,65162.16458445208,0.34882452067370834,3488.245206737083,0.3988245206737083,74502.41458445208,9340.25,Near-Prime,Subprime
233,1,0.8691536383932741,18904,11501.336266130518,0.6084075468752919,6084.075468752919,0.6584075468752919,12446.536266130519,945.2000000000007,High-Risk,High-Risk
234,1,0.6621761146354627,169293,78471.24668248696,0.4635232802448238,4635.2328024482385,0.5135232802448239,86935.89668248697,8464.650000000009,Near-Prime,High-Risk
235,1,0.5885985588223913,4697,1935.2532015521404,0.4120189911756739,4120.189911756739,0.4620189911756739,2170.1032015521405,234.85000000000014,Near-Prime,High-Risk
236,1,0.8295713177222315,250838,145661.60713636637,0.580699922405562,5806.99922405562,0.630699922405562,158203.5071363664,12541.900000000023,High-Risk,High-Risk
237,0,0.2524911978886765,24407,4313.786866808249,0.17674383852207357,1767.4383852207357,0.22674383852207358,5534.13686680825,1220.3500000000004,Prime,Near-Prime
238,1,0.763437143828893,5106,2728.67703947323,0.5344060006802251,5344.060006802251,0.5844060006802252,2983.97703947323,255.30000000000018,Subprime,High-Risk
239,1,0.7821000450705993,206572,113091.97935722666,0.5474700315494194,5474.700315494194,0.5974700315494195,123420.57935722668,10328.60000000002,Subprime,High-Risk
240,0,0.1502104711264044,25100,2639.197977690925,0.10514732978848307,1051.4732978848306,0.15514732978848306,3894.1979776909247,1254.9999999999995,Prime,Near-Prime
241,0,0.34907423699387,4502,1100.072550462482,0.244351965895709,2443.51965895709,0.294351965895709,1325.172550462482,225.0999999999999,Near-Prime,Subprime
242,1,0.8462339702915179,182043,107835.67945764515,0.5923637792040625,5923.637792040625,0.6423637792040625,116937.82945764516,9102.150000000009,High-Risk,High-Risk
243,1,0.7178108487448495,13613,6840.091358774545,0.5024675941213946,5024.675941213946,0.5524675941213947,7520.741358774546,680.6500000000005,Subprime,High-Risk
244,1,0.7823199803298457,227198,124419.07442368618,0.5476239862308919,5476.239862308919,0.597623986230892,135778.9744236862,11359.900000000009,Subprime,High-Risk
245,1,0.8618411926590996,147300,88864.44537507977,0.6032888348613697,6032.888348613697,0.6532888348613698,96229.44537507977,7365.0,High-Risk,High-Risk
246,1,0.8571450940971694,133811,80286.80953036543,0.6000015658680186,6000.015658680186,0.6500015658680186,86977.35953036544,6690.5500000000175,High-Risk,High-Risk
247,1,0.8388954631307224,9708,5700.798009251137,0.5872268241915056,5872.268241915056,0.6372268241915057,6186.198009251137,485.39999999999964,High-Risk,High-Risk
248,1,0.837787024998105,207730,121823.44909199943,0.5864509174986734,5864.509174986734,0.6364509174986734,132209.94909199944,10386.500000000015,High-Risk,High-Risk
249,1,0.5340126318165244,101596,37977.483139422126,0.373808842271567,3738.0884227156703,0.423808842271567,43057.28313942212,5079.799999999996,Near-Prime,High-Risk
250,1,0.7414012414185469,30289,15719.411540928455,0.5189808689929828,5189.808689929828,0.5689808689929828,17233.861540928458,1514.4500000000025,Subprime,High-Risk
251,1,0.6504055314005316,46918,21361.008705575096,0.45528387198037207,4552.838719803721,0.5052838719803721,23706.908705575097,2345.9000000000015,Near-Prime,High-Risk
252,0,0.08293553930065861,19216,1115.582526241019,0.058054877510461025,580.5487751046103,0.10805487751046103,2076.382526241019,960.8000000000002,Prime,Prime
253,0,0.19398672147442256,203606,27647.802288764895,0.13579070503209578,1357.9070503209578,0.18579070503209577,37828.102288764894,10180.3,Prime,Near-Prime
254,0,0.20667790586833532,26696,3862.2313625427555,0.1446745341078347,1446.745341078347,0.1946745341078347,5197.031362542755,1334.7999999999997,Prime,Near-Prime
255,1,0.7154670868889214,33059,16556.838497822595,0.5008269608222449,5008.269608222448,0.5508269608222449,18209.788497822596,1652.9500000000007,Subprime,High-Risk
256,1,0.7112284311222582,37688,18763.343978494966,0.4978599017855807,4978.599017855807,0.5478599017855807,20647.743978494967,1884.4000000000015,Subprime,High-Risk
257,0,0.39109923877915886,108194,29620.213728330615,0.27376946714541117,2737.694671454112,0.32376946714541116,35029.91372833061,5409.699999999997,Near-Prime,Subprime
258,1,0.8105015233931148,39314,22304.839823473838,0.5673510663751803,5673.510663751803,0.6173510663751803,24270.53982347384,1965.7000000000007,High-Risk,High-Risk
259,0,0.13862939531124133,12612,1223.8757535657628,0.09704057671786892,970.4057671786892,0.1470405767178689,1854.4757535657627,630.5999999999999,Prime,Prime
260,0,0.2736016674277971,22040,4221.126525076053,0.19152116719945797,1915.2116719945798,0.241521167199458,5323.126525076054,1102.000000000001,Prime,Near-Prime
261,1,0.7851955210441962,206373,113430.20868511773,0.5496368647309373,5496.368647309373,0.5996368647309374,123748.85868511774,10318.650000000009,Subprime,High-Risk
262,1,0.7208778960348964,189247,95496.78543364123,0.5046145272244275,5046.145272244275,0.5546145272244275,104959.13543364123,9462.350000000006,Subprime,High-Risk
263,1,0.8340064166190647,16707,9753.621641718299,0.5838044916333452,5838.044916333452,0.6338044916333453,10588.971641718299,835.3500000000004,High-Risk,High-Risk
264,0,0.1203907198160392,30040,2531.576056291672,0.08427350387122744,842.7350387122743,0.13427350387122744,4033.576056291672,1502.0,Prime,Prime
265,1,0.6740349875030364,161721,76303.92854978498,0.47182449125212544,4718.244912521254,0.5218244912521255,84389.97854978498,8086.050000000003,Subprime,High-Risk
266,1,0.6704951483507287,24664,11575.96463724566,0.46934660384551,4693.4660384551,0.51934660384551,12809.16463724566,1233.2000000000007,Near-Prime,High-Risk
267,1,0.8106969919219663,122507,69521.23947256902,0.5674878943453764,5674.878943453764,0.6174878943453764,75646.58947256903,6125.350000000006,High-Risk,High-Risk
268,1,0.5669508339623345,13482,5350.541800436135,0.3968655837736341,3968.6558377363413,0.4468655837736341,6024.641800436135,674.0999999999995,Near-Prime,High-Risk
269,1,0.7523268993844622,12683,6679.233445425193,0.5266288295691235,5266.288295691235,0.5766288295691235,7313.383445425194,634.1500000000005,Subprime,High-Risk
270,0,0.15283923142298522,4714,504.3388958495666,0.10698746199608965,1069.8746199608966,0.15698746199608965,740.0388958495666,235.70000000000005,Prime,Near-Prime
271,0,0.26834995694644614,228164,42859.45970371025,0.18784496986251228,1878.449698625123,0.2378449698625123,54267.659703710255,11408.200000000004,Prime,Near-Prime
272,1,0.8251760832964817,6424,3710.6518113676184,0.5776232583075371,5776.232583075372,0.6276232583075372,4031.8518113676187,321.2000000000003,High-Risk,High-Risk
273,1,0.6861840227573804,25017,12016.38598812497,0.4803288159301663,4803.288159301663,0.5303288159301663,13267.235988124972,1250.8500000000022,Subprime,High-Risk
274,1,0.855283469111893,33886,20287.494944027923,0.5986984283783251,5986.984283783251,0.6486984283783251,21981.794944027926,1694.300000000003,High-Risk,High-Risk
275,1,0.6654077282439969,43176,20110.750852263962,0.46578540977079774,4657.854097707977,0.5157854097707978,22269.550852263965,2158.800000000003,Near-Prime,High-Risk
276,0,0.1956385645430645,119359,16345.856397706943,0.13694699518014514,1369.4699518014513,0.18694699518014513,22313.806397706943,5967.950000000001,Prime,Near-Prime
277,1,0.7982368501379618,7646,4272.323269308398,0.5587657950965732,5587.657950965732,0.6087657950965732,4654.623269308399,382.3000000000011,Subprime,High-Risk
278,1,0.8132580677934198,136403,77651.5881548581,0.5692806474553939,5692.806474553939,0.6192806474553939,84471.73815485809,6820.149999999994,High-Risk,High-Risk
279,0,0.15778900733309809,32908,3634.7644573223142,0.11045230513316866,1104.5230513316865,0.16045230513316866,5280.164457322314,1645.3999999999996,Prime,Near-Prime
280,1,0.5711964573494509,10776,4308.6491170783775,0.3998375201446156,3998.375201446156,0.4498375201446156,4847.449117078378,538.8000000000002,Near-Prime,High-Risk
281,0,0.12288794030141773,226467,19481.044223368815,0.0860215582109924,860.2155821099241,0.1360215582109924,30804.394223368818,11323.350000000002,Prime,Prime
282,1,0.8246469461114009,54452,31432.5728567606,0.5772528622779806,5772.528622779806,0.6272528622779806,34155.1728567606,2722.5999999999985,High-Risk,High-Risk
283,1,0.8811447635776901,8737,5388.993259564794,0.616801334504383,6168.01334504383,0.6668013345043831,5825.843259564795,436.85000000000036,High-Risk,High-Risk
284,0,0.3458935959381247,27758,6720.920105235325,0.24212551715668726,2421.2551715668724,0.2921255171566872,8108.820105235324,1387.8999999999996,Prime,Subprime
285,0,0.2791415554454952,13989,2733.437853388922,0.19539908881184662,1953.9908881184663,0.24539908881184663,3432.8878533889224,699.4500000000003,Prime,Near-Prime
286,1,0.7539742595065129,143131,75541.96281619868,0.5277819816545589,5277.819816545589,0.577781981654559,82698.51281619868,7156.550000000003,Subprime,High-Risk
287,0,0.05675439320772572,8389,333.27882323372773,0.039728075245408,397.28075245408,0.089728075245408,752.7288232337278,419.45000000000005,Prime,Prime
288,0,0.4216121998617286,15909,4695.199941320167,0.29512853990321,2951.2853990320996,0.34512853990320996,5490.649941320167,795.4499999999998,Near-Prime,Subprime
289,0,0.2782580749860162,9967,1941.3787633699362,0.19478065249021131,1947.806524902113,0.2447806524902113,2439.728763369936,498.3499999999999,Prime,Near-Prime
290,1,0.890944074102563,18108,11293.250705694447,0.6236608518717941,6236.608518717941,0.6736608518717941,12198.650705694448,905.4000000000015,High-Risk,High-Risk
291,0,0.12841041126486247,207497,18651.342574357615,0.08988728788540372,898.8728788540371,0.13988728788540372,29026.192574357618,10374.850000000002,Prime,Prime
292,1,0.8337393707948353,145622,84987.55625771984,0.5836175595563846,5836.175595563846,0.6336175595563847,92268.65625771985,7281.100000000006,High-Risk,High-Risk
293,1,0.7644289327020335,24842,13292.960482328739,0.5351002528914234,5351.002528914234,0.5851002528914234,14535.060482328741,1242.1000000000022,Subprime,High-Risk
294,1,0.832348076227431,14459,8424.444583920696,0.5826436533592017,5826.4365335920165,0.6326436533592017,9147.394583920697,722.9500000000007,High-Risk,High-Risk
295,1,0.7048113367170562,20225,9978.366499571723,0.4933679357019393,4933.679357019393,0.5433679357019393,10989.616499571723,1011.25,Subprime,High-Risk
296,0,0.4588349881580441,7953,2554.380262574647,0.32118449171063085,3211.8449171063085,0.37118449171063084,2952.030262574647,397.6500000000001,Near-Prime,Subprime
297,0,0.085466067791162,6116,365.8973294275227,0.059826247453813396,598.2624745381339,0.10982624745381339,671.6973294275227,305.8,Prime,Prime
298,1,0.5969767004550688,14889,6221.870265152863,0.4178836903185481,4178.836903185481,0.4678836903185481,6966.320265152863,744.4499999999998,Near-Prime,High-Risk
299,1,0.7589132186751378,5118,2718.882497225549,0.5312392530725965,5312.392530725964,0.5812392530725965,2974.782497225549,255.9000000000001,Subprime,High-Risk
300,1,0.600570770084315,12264,5155.779947019827,0.4203995390590205,4203.995390590205,0.4703995390590205,5768.979947019828,613.2000000000007,Near-Prime,High-Risk
301,1,0.7467332881125878,6361,3324.979311978919,0.5227133016788114,5227.133016788113,0.5727133016788114,3643.0293119789194,318.0500000000002,Subprime,High-Risk
302,1,0.6827382995421584,12572,6008.370131290811,0.47791680967951083,4779.168096795109,0.5279168096795109,6636.970131290812,628.6000000000013,Subprime,High-Risk
303,1,0.5479445901982329,140044,53715.44653280493,0.383561213138763,3835.61213138763,0.433561213138763,60717.64653280492,7002.199999999997,Near-Prime,High-Risk
304,1,0.8004935382425126,165365,92661.52976603116,0.5603454767697588,5603.454767697588,0.6103454767697588,100929.77976603116,8268.25,High-Risk,High-Risk
305,1,0.858095637036674,134732,80929.05895845762,0.6006669459256718,6006.669459256718,0.6506669459256719,87665.65895845763,6736.600000000006,High-Risk,High-Risk
306,0,0.25182002572333884,150670,26559.206293014824,0.17627401800633719,1762.7401800633718,0.22627401800633717,34092.706293014824,7533.5,Prime,Near-Prime
307,1,0.5850402876440878,120518,49355.519770403116,0.40952820135086143,4095.2820135086145,0.4595282013508614,55381.41977040312,6025.9000000000015,Near-Prime,High-Risk
308,1,0.7579272780351374,13245,7027.122758302775,0.5305490946245961,5305.490946245961,0.5805490946245961,7689.372758302776,662.2500000000009,Subprime,High-Risk
309,1,0.607025315230312,10361,4402.5725037708835,0.42491772066121836,4249.177206612184,0.4749177206612184,4920.622503770884,518.0500000000002,Near-Prime,High-Risk
310,0,0.2775088039556862,17820,3461.6448205432293,0.19425616276898033,1942.5616276898033,0.24425616276898032,4352.64482054323,891.0000000000005,Prime,Near-Prime
311,1,0.5909256063364922,7147,2956.3417159408364,0.4136479244355445,4136.479244355445,0.46364792443554453,3313.6917159408367,357.35000000000036,Near-Prime,High-Risk
312,1,0.6756833722752795,24371,11526.955626004587,0.47297836059269566,4729.783605926957,0.5229783605926956,12745.505626004586,1218.5499999999993,Subprime,High-Risk
313,1,0.8280021105612779,163621,94834.97333250279,0.5796014773928945,5796.014773928945,0.6296014773928945,103016.0233325028,8181.050000000003,High-Risk,High-Risk
314,0,0.4912973380695054,15940,5481.89569817954,0.3439081366486537,3439.0813664865373,0.3939081366486537,6278.89569817954,797.0,Near-Prime,Subprime
315,1,0.84515115861038,15418,9121.378394418387,0.591605811027266,5916.058110272659,0.641605811027266,9892.278394418387,770.8999999999996,High-Risk,High-Risk
316,1,0.8047217313750475,28337,15962.379791382305,0.5633052119625332,5633.052119625332,0.6133052119625333,17379.229791382306,1416.8500000000004,High-Risk,High-Risk
317,0,0.15817695805172358,264243,29258.007748523112,0.11072387063620649,1107.238706362065,0.1607238706362065,42470.15774852311,13212.149999999998,Prime,Near-Prime
318,1,0.7118966418115386,33299,16593.812392977692,0.49832764926807693,4983.2764926807695,0.548327649268077,18258.762392977696,1664.9500000000044,Subprime,High-Risk
319,1,0.5880004618624984,13684,5632.3388240885,0.4116003233037489,4116.003233037489,0.4616003233037489,6316.5388240884995,684.1999999999998,Near-Prime,High-Risk
320,1,0.8760177315257172,147059,90178.4041063083,0.6132124120680019,6132.12412068002,0.663212412068002,97531.3541063083,7352.949999999997,High-Risk,High-Risk
321,1,0.8810152689442615,9588,5913.022079046305,0.6167106882609831,6167.106882609831,0.6667106882609831,6392.422079046306,479.40000000000055,High-Risk,High-Risk
322,1,0.6843501133983223,292672,140203.08147195962,0.47904507937882557,4790.450793788255,0.5290450793788256,154836.68147195966,14633.600000000035,Subprime,High-Risk
323,1,0.8346306670725913,29947,17496.27921077602,0.5842414669508138,5842.414669508138,0.6342414669508138,18993.629210776024,1497.3500000000022,High-Risk,High-Risk
324,1,0.8620448121058062,7257,4379.101441016284,0.6034313684740643,6034.313684740643,0.6534313684740644,4741.951441016285,362.85000000000036,High-Risk,High-Risk
325,1,0.7559790024420824,7387,3909.0918237277638,0.5291853017094577,5291.853017094577,0.5791853017094577,4278.441823727764,369.35000000000036,Subprime,High-Risk
326,1,0.53707578429757,92816,34894.458196754276,0.37595304900829896,3759.5304900829897,0.42595304900829895,39535.25819675427,4640.799999999996,Near-Prime,High-Risk
327,0,0.36542868492510133,92320,23615.46333459975,0.25580007944757094,2558.0007944757094,0.3058000794475709,28231.463334599746,4615.999999999996,Near-Prime,Subprime
328,1,0.7183284852001569,13986,7032.579535806576,0.5028299396401098,5028.299396401098,0.5528299396401098,7731.879535806576,699.3000000000002,Subprime,High-Risk
329,1,0.508379466819853,379209,134947.44846330275,0.3558656267738971,3558.656267738971,0.4058656267738971,153907.89846330273,18960.449999999983,Near-Prime,High-Risk
330,1,0.8382947550220923,22817,13389.159997737355,0.5868063285154645,5868.063285154645,0.6368063285154646,14530.009997737356,1140.8500000000004,High-Risk,High-Risk
331,0,0.462738439447263,10230,3313.66996488185,0.32391690761308406,3239.1690761308405,0.37391690761308405,3825.16996488185,511.5,Near-Prime,Subprime
332,0,0.19553698475856732,19838,2715.343892548321,0.13687588933099712,1368.7588933099712,0.18687588933099714,3707.243892548321,991.9000000000001,Prime,Near-Prime
333,1,0.810769384459772,139359,79091.60745425054,0.5675385691218403,5675.385691218403,0.6175385691218404,86059.55745425055,6967.950000000012,High-Risk,High-Risk
334,1,0.6603614902417783,19389,8962.624254008486,0.46225304316924476,4622.530431692448,0.5122530431692448,9932.074254008487,969.4500000000007,Near-Prime,High-Risk
335,0,0.48396259717458484,17700,5996.296578993106,0.33877381802220935,3387.7381802220934,0.38877381802220934,6881.296578993105,884.9999999999991,Near-Prime,Subprime
336,1,0.8166183817967704,26596,15203.147737586833,0.5716328672577392,5716.328672577392,0.6216328672577393,16532.947737586834,1329.800000000001,High-Risk,High-Risk
337,1,0.6871496337972355,15494,7452.687498238056,0.4810047436580648,4810.047436580648,0.5310047436580648,8227.387498238057,774.7000000000007,Subprime,High-Risk
338,0,0.25342152587452116,25952,4603.756807646901,0.1773950681121648,1773.950681121648,0.2273950681121648,5901.356807646901,1297.6000000000004,Prime,Near-Prime
339,0,0.4546896845362422,318611,101408.39455584365,0.3182827791753695,3182.8277917536952,0.3682827791753695,117338.94455584366,15930.550000000003,Near-Prime,Subprime
340,1,0.880839208533727,160070,98697.15247699556,0.6165874459736088,6165.874459736088,0.6665874459736089,106700.65247699557,8003.500000000015,High-Risk,High-Risk
341,1,0.744407877970162,43624,22731.83448799924,0.5210855145791133,5210.8551457911335,0.5710855145791134,24913.03448799924,2181.2000000000007,Subprime,High-Risk
342,0,0.10974762706196081,123399,9479.92320227323,0.07682333894337257,768.2333894337256,0.12682333894337255,15649.87320227323,6169.949999999999,Prime,Prime
343,1,0.8119465389580517,26996,15343.516135998092,0.5683625772706361,5683.625772706361,0.6183625772706361,16693.316135998095,1349.800000000003,High-Risk,High-Risk
344,0,0.07325262065725009,16070,824.0187297734062,0.05127683446007506,512.7683446007507,0.10127683446007507,1627.5187297734064,803.5000000000002,Prime,Prime
345,0,0.28413940554085265,26845,5339.405639220932,0.19889758387859685,1988.9758387859686,0.24889758387859684,6681.655639220932,1342.25,Prime,Near-Prime
346,0,0.2567856931161113,153590,27607.800223992475,0.1797499851812779,1797.499851812779,0.22974998518127793,35287.300223992475,7679.5,Prime,Near-Prime
347,1,0.66034854867643,14704,6796.835541816758,0.462243984073501,4622.43984073501,0.512243984073501,7532.035541816759,735.2000000000007,Near-Prime,High-Risk
348,1,0.6918899301245305,4646,2250.164430750998,0.4843229510871713,4843.2295108717135,0.5343229510871713,2482.464430750998,232.30000000000018,Subprime,High-Risk
349,1,0.7364297879557711,138744,71522.65015009484,0.5155008515690397,5155.008515690397,0.5655008515690397,78459.85015009485,6937.200000000012,Subprime,High-Risk
350,0,0.040902726034991795,317448,9089.142002049251,0.028631908224494254,286.31908224494254,0.07863190822449426,24961.542002049253,15872.400000000001,Prime,Prime
351,1,0.746465550132635,29886,15616.20860188475,0.5225258850928445,5225.258850928445,0.5725258850928445,17110.50860188475,1494.300000000001,Subprime,High-Risk
352,1,0.7727884568703286,26803,14499.13430664679,0.54095191980923,5409.5191980923,0.59095191980923,15839.284306646792,1340.1500000000015,Subprime,High-Risk
353,0,0.12594670504266833,77802,6859.233882010777,0.08816269352986783,881.6269352986783,0.13816269352986782,10749.333882010777,3890.0999999999995,Prime,Prime
354,1,0.7946683580030833,121503,67588.21265171404,0.5562678506021583,5562.678506021583,0.6062678506021584,73663.36265171405,6075.150000000009,Subprime,High-Risk
355,1,0.7622428052184758,242728,129512.37013754911,0.533569963652933,5335.69963652933,0.583569963652933,141648.77013754912,12136.400000000009,Subprime,High-Risk
356,1,0.8372381533915121,4066,2382.9472321829217,0.5860667073740584,5860.667073740584,0.6360667073740585,2586.247232182922,203.30000000000018,High-Risk,High-Risk
357,1,0.826669086017878,18537,10726.775393259382,0.5786683602125146,5786.683602125146,0.6286683602125146,11653.625393259383,926.8500000000004,High-Risk,High-Risk
358,0,0.26259441142532935,40641,7470.469632315766,0.18381608799773053,1838.1608799773053,0.23381608799773052,9502.519632315765,2032.0499999999993,Prime,Near-Prime
359,0,0.22549167064495984,5922,934.7531714916164,0.15784416945147187,1578.4416945147186,0.20784416945147188,1230.8531714916164,296.1,Prime,Near-Prime
360,1,0.7379862697555867,23013,11888.29461811972,0.5165903888289106,5165.903888289106,0.5665903888289107,13038.944618119722,1150.6500000000015,Subprime,High-Risk
361,1,0.5552079513642861,22028,8561.084526856746,0.38864556595500027,3886.4556595500026,0.43864556595500026,9662.484526856746,1101.3999999999996,Near-Prime,High-Risk
362,0,0.06716766877238828,173094,8138.424320941443,0.04701736814067179,470.1736814067179,0.0970173681406718,16793.124320941446,8654.700000000004,Prime,Prime
363,1,0.625467950540003,20407,8934.747126668888,0.4378275653780021,4378.2756537800215,0.48782756537800215,9955.09712666889,1020.3500000000022,Near-Prime,High-Risk
364,1,0.6929844549443124,351634,170573.82708092182,0.48508911846101865,4850.891184610186,0.5350891184610187,188155.52708092183,17581.70000000001,Subprime,High-Risk
365,0,0.3088940200199801,23181,5012.330594658211,0.21622581401398608,2162.2581401398606,0.26622581401398604,6171.380594658211,1159.0499999999993,Prime,Subprime
366,1,0.8580892087393467,138915,83441.02370241843,0.6006624461175426,6006.624461175426,0.6506624461175426,90386.77370241843,6945.75,High-Risk,High-Risk
367,1,0.8390509172115614,224282,131728.8124698304,0.587335642048093,5873.35642048093,0.637335642048093,142942.9124698304,11214.100000000006,High-Risk,High-Risk
368,0,0.440605966863369,108499,33463.714759096074,0.3084241768043583,3084.241768043583,0.3584241768043583,38888.66475909607,5424.949999999997,Near-Prime,Subprime
369,0,0.43746042566054283,25758,7887.673950914984,0.30622229796238,3062.2229796238,0.35622229796238,9175.573950914983,1287.8999999999987,Near-Prime,Subprime
370,1,0.760327443334387,12551,6680.008818902922,0.5322292103340708,5322.292103340707,0.5822292103340708,7307.558818902923,627.5500000000011,Subprime,High-Risk
371,1,0.8822568895917641,18346,11330.119427515352,0.6175798227142348,6175.798227142348,0.6675798227142349,12247.419427515353,917.3000000000011,High-Risk,High-Risk
372,1,0.6465647996297677,18686,8457.196892117287,0.4525953597408373,4525.953597408373,0.5025953597408374,9391.496892117288,934.3000000000011,Near-Prime,High-Risk
373,0,0.44228951956291657,11863,3672.8163994024153,0.3096026636940416,3096.026636940416,0.3596026636940416,4265.966399402416,593.1500000000005,Near-Prime,Subprime
374,1,0.7192667219774268,29880,15044.182756879858,0.5034867053841987,5034.867053841987,0.5534867053841988,16538.182756879858,1494.0,Subprime,High-Risk
375,1,0.7201031767029584,127232,64134.11716478955,0.5040722236920708,5040.722236920708,0.5540722236920709,70495.71716478956,6361.600000000006,Subprime,High-Risk
376,1,0.5424480885463805,5221,1982.4850292104566,0.3797136619824663,3797.1366198246633,0.4297136619824663,2243.5350292104567,261.0500000000002,Near-Prime,High-Risk
377,0,0.48234387546776675,162956,55020.579999507776,0.3376407128274367,3376.4071282743666,0.3876407128274367,63168.37999950777,8147.799999999996,Near-Prime,Subprime
378,1,0.7658084618608018,17351,9301.27983522274,0.5360659233025612,5360.659233025612,0.5860659233025612,10168.82983522274,867.5499999999993,Subprime,High-Risk
379,1,0.6733138944011801,13481,6353.861227295615,0.471319726080826,4713.19726080826,0.521319726080826,7027.911227295615,674.0500000000002,Subprime,High-Risk
380,1,0.7784307426909641,33430,18216.057809711252,0.5449015198836749,5449.015198836749,0.5949015198836749,19887.557809711252,1671.5,Subprime,High-Risk
381,1,0.7580449133029035,133979,71093.46960758678,0.5306314393120324,5306.314393120324,0.5806314393120324,77792.4196075868,6698.950000000012,Subprime,High-Risk
382,1,0.6794958011739913,19233,9148.119920785562,0.4756470608217939,4756.470608217939,0.5256470608217939,10109.769920785562,961.6499999999996,Subprime,High-Risk
383,1,0.6395191210191578,12237,5478.056838738003,0.4476633847134104,4476.633847134104,0.49766338471341043,6089.906838738003,611.8500000000004,Near-Prime,High-Risk
384,0,0.21452239264003972,16713,2509.7189237350885,0.15016567484802779,1501.6567484802779,0.20016567484802777,3345.368923735088,835.6499999999996,Prime,Near-Prime
385,1,0.605050048295503,12307,5212.445661060929,0.4235350338068521,4235.350338068521,0.473535033806852,5827.795661060928,615.3499999999995,Near-Prime,High-Risk
386,0,0.24815529415012985,25439,4418.975769519607,0.17370870590509088,1737.087059050909,0.2237087059050909,5690.9257695196075,1271.9500000000007,Prime,Near-Prime
387,1,0.8652585741960075,30272,18335.175290643077,0.6056810019372052,6056.810019372052,0.6556810019372052,19848.775290643076,1513.5999999999985,High-Risk,High-Risk
388,1,0.7118687401303138,110212,54919.534311069496,0.4983081180912196,4983.081180912196,0.5483081180912196,60430.134311069494,5510.5999999999985,Subprime,High-Risk
389,1,0.8218608275950079,2801,1611.422524665532,0.5753025793165055,5753.025793165055,0.6253025793165056,1751.472524665532,140.05000000000018,High-Risk,High-Risk
390,0,0.4733391635747393,25267,8371.902452230057,0.3313374145023175,3313.374145023175,0.3813374145023175,9635.252452230057,1263.3500000000004,Near-Prime,Subprime
391,1,0.6724650963318075,24677,11616.094827526009,0.47072556743226524,4707.255674322652,0.5207255674322653,12849.944827526011,1233.8500000000022,Subprime,High-Risk
392,1,0.7805783739545754,5852,3197.561251067523,0.5464048617682028,5464.048617682028,0.5964048617682028,3490.161251067523,292.60000000000036,Subprime,High-Risk
393,1,0.7297296935778933,35065,17911.58019371618,0.5108107855045253,5108.107855045253,0.5608107855045253,19664.83019371618,1753.25,Subprime,High-Risk
394,0,0.42079997221062676,17200,5066.431665415946,0.2945599805474387,2945.5998054743873,0.3445599805474387,5926.431665415946,860.0,Near-Prime,Subprime
395,0,0.2256071516966956,196972,31106.804318801063,0.1579250061876869,1579.250061876869,0.2079250061876869,40955.40431880106,9848.599999999999,Prime,Near-Prime
396,1,0.7951385092228737,15077,8391.812312487285,0.5565969564560115,5565.969564560115,0.6065969564560115,9145.662312487286,753.8500000000004,Subprime,High-Risk
397,1,0.8414518207380932,7386,4350.474203580089,0.5890162745166652,5890.162745166652,0.6390162745166652,4719.774203580089,369.3000000000002,High-Risk,High-Risk
398,1,0.8034149382853163,13248,7450.548771682708,0.5623904567997213,5623.904567997213,0.6123904567997214,8112.948771682709,662.4000000000005,High-Risk,High-Risk
399,0,0.45483716168344407,110092,35051.7529628376,0.3183860131784108,3183.860131784108,0.3683860131784108,40556.3529628376,5504.5999999999985,Near-Prime,Subprime
